TE0,TE1,TL0,TL1,TimeSyncsReceived,EmotiBitStartTime, EmotiBitEndTime, DataParserVersion
259558.000000,428414.000000,1742899316.625486,1742899485.483290,43,217464,443870,1.11.4